{
    "rmse": 0.2710523708715754,
    "mae": 0.07346938775510205,
    "r2": 0.0
}