{
    "accuracy": 0.8938775510204081,
    "precision": 1.0,
    "recall": 0.8938775510204081,
    "f1_score": 0.9439655172413792
}